{"offline_id": "8baf66c94d9049b194b57cb16a4f2aa5", "project_name": "yolov5", "start_time": 1717565596968, "stop_time": 1717565613582, "tags": [], "workspace": null, "resume_strategy": "create", "customer_error_reported": true, "customer_error_message": "Unexpected error detected in the user script: UnicodeDecodeError('gbk', b'# Ultralytics YOLO \\xf0\\x9f\\x9a\\x80, AGPL-3.0 license\\n# PASCAL VOC dataset http://host.robots.ox.ac.uk/pascal/VOC by University of Oxford\\n# Documentation: # Documentation: https://docs.ultralytics.com/datasets/detect/voc/\\n# Example usage: yolo train data=VOC.yaml\\n# parent\\n# \\xe2\\x94\\x9c\\xe2\\x94\\x80\\xe2\\x94\\x80 ultralytics\\n# \\xe2\\x94\\x94\\xe2\\x94\\x80\\xe2\\x94\\x80 datasets\\n#     \\xe2\\x94\\x94\\xe2\\x94\\x80\\xe2\\x94\\x80 VOC  \\xe2\\x86\\x90 downloads here (2.8 GB)\\n\\n# Train/val/test sets as 1) dir: path/to/imgs, 2) file: path/to/imgs.txt, or 3) list: [path/to/imgs1, path/to/imgs2, ..]\\npath: .\\ntrain: ./ImageSets/Main/train.txt\\nval: ./ImageSets/Main/val.txt\\n#test: # test images (optional)\\n#  - ImageSets/test.txt\\n\\n# Classes\\nnames:\\n  0: car\\n  1: person\\n\\n# Download script/URL (optional) ---------------------------------------------------------------------------------------\\n#download: |\\n#  import xml.etree.ElementTree as ET\\n#\\n#  from tqdm import tqdm\\n#  from ultralytics.utils.downloads import download\\n#  from pathlib import Path\\n#\\n#  def convert_label(path, lb_path, year, image_id):\\n#      def convert_box(size, box):\\n#          dw, dh = 1. / size[0], 1. / size[1]\\n#          x, y, w, h = (box[0] + box[1]) / 2.0 - 1, (box[2] + box[3]) / 2.0 - 1, box[1] - box[0], box[3] - box[2]\\n#          return x * dw, y * dh, w * dw, h * dh\\n#\\n#      in_file = open(path / f\\'VOC{year}/Annotations/{image_id}.xml\\')\\n#      out_file = open(lb_path, \\'w\\')\\n#      tree = ET.parse(in_file)\\n#      root = tree.getroot()\\n#      size = root.find(\\'size\\')\\n#      w = int(size.find(\\'width\\').text)\\n#      h = int(size.find(\\'height\\').text)\\n#\\n#      names = list(yaml[\\'names\\'].values())  # names list\\n#      for obj in root.iter(\\'object\\'):\\n#          cls = obj.find(\\'name\\').text\\n#          if cls in names and int(obj.find(\\'difficult\\').text) != 1:\\n#              xmlbox = obj.find(\\'bndbox\\')\\n#              bb = convert_box((w, h), [float(xmlbox.find(x).text) for x in (\\'xmin\\', \\'xmax\\', \\'ymin\\', \\'ymax\\')])\\n#              cls_id = names.index(cls)  # class id\\n#              out_file.write(\" \".join(str(a) for a in (cls_id, *bb)) + \\'\\\\n\\')\\n#\\n#\\n#  # Download\\n#  dir = Path(yaml[\\'path\\'])  # dataset root dir\\n#  url = \\'https://github.com/ultralytics/yolov5/releases/download/v1.0/\\'\\n#  urls = [f\\'{url}VOCtrainval_06-Nov-2007.zip\\',  # 446MB, 5012 images\\n#          f\\'{url}VOCtest_06-Nov-2007.zip\\',  # 438MB, 4953 images\\n#          f\\'{url}VOCtrainval_11-May-2012.zip\\']  # 1.95GB, 17126 images\\n#  download(urls, dir=dir / \\'images\\', curl=True, threads=3, exist_ok=True)  # download and unzip over existing paths (required)\\n\\n  # Convert\\n#  path = dir / \\'images/VOCdevkit\\'\\n#  for year, image_set in (\\'2012\\', \\'train\\'), (\\'2012\\', \\'val\\'), (\\'2007\\', \\'train\\'), (\\'2007\\', \\'val\\'), (\\'2007\\', \\'test\\'):\\n#      imgs_path = dir / \\'images\\' / f\\'{image_set}{year}\\'\\n#      lbs_path = dir / \\'labels\\' / f\\'{image_set}{year}\\'\\n#      imgs_path.mkdir(exist_ok=True, parents=True)\\n#      lbs_path.mkdir(exist_ok=True, parents=True)\\n#\\n#      with open(path / f\\'VOC{year}/ImageSets/Main/{image_set}.txt\\') as f:\\n#          image_ids = f.read().strip().split()\\n#      for id in tqdm(image_ids, desc=f\\'{image_set}{year}\\'):\\n#          f = path / f\\'VOC{year}/JPEGImages/{id}.jpg\\'  # old img path\\n#          lb_path = (lbs_path / f.name).with_suffix(\\'.txt\\')  # new label path\\n#          f.rename(imgs_path / f.name)  # move image\\n#          convert_label(path, lb_path, year, id)  # convert labels to YOLO format\\n', 271, 272, 'illegal multibyte sequence')", "user_provided_experiment_key": false, "comet_start_sourced": false}