{"payload":{"installed_packages":["aiofiles==23.2.1","altair==5.3.0","annotated-types==0.7.0","anyio==4.4.0","attrs==23.2.0","brotli==1.0.9","certifi==2024.2.2","charset-normalizer==3.1.0","click==8.1.7","colorama==0.4.6","coloredlogs==15.0.1","comet-ml==3.43.0","configobj==5.0.8","contourpy==1.2.1","cycler==0.12.1","dnspython==2.6.1","dulwich==0.22.1","email-validator==2.1.1","everett==3.1.0","exceptiongroup==1.2.1","fastapi==0.111.0","fastapi-cli==0.0.4","ffmpy==0.3.2","filelock==3.13.1","flatbuffers==24.3.25","fonttools==4.53.0","fsspec==2024.5.0","gitdb==4.0.11","gitpython==3.1.43","gmpy2==2.1.2","gradio==4.31.5","gradio-client==0.16.4","h11==0.14.0","httpcore==1.0.5","httptools==0.6.1","httpx==0.27.0","huggingface-hub==0.23.2","humanfriendly==10.0","idna==3.7","importlib-resources==6.4.0","jinja2==3.1.4","jsonschema==4.22.0","jsonschema-specifications==2023.12.1","kiwisolver==1.4.5","markdown-it-py==3.0.0","markupsafe==2.1.3","matplotlib==3.9.0","mdurl==0.1.2","mkl-fft==1.3.1","mkl-random==1.2.2","mkl-service==2.4.0","mpmath==1.3.0","networkx==3.1","numpy==1.24.3","onnx==1.14.0","onnxruntime==1.15.1","onnxruntime-gpu==1.18.0","onnxsim==0.4.36","opencv-python==4.9.0.80","orjson==3.10.3","packaging==24.0","pandas==2.2.2","pillow==10.3.0","pip==24.0","protobuf==5.27.0","psutil==5.9.8","py-cpuinfo==9.0.0","pycocotools==2.0.7","pydantic==2.7.2","pydantic-core==2.18.3","pydub==0.25.1","pygments==2.18.0","pyparsing==3.1.2","pyreadline3==3.4.1","pysocks==1.7.1","python-box==6.1.0","python-dateutil==2.9.0.post0","python-dotenv==1.0.1","python-multipart==0.0.9","pytz==2024.1","pyyaml==6.0.1","referencing==0.35.1","requests==2.32.2","requests-toolbelt==1.0.0","rich==13.7.1","rpds-py==0.18.1","ruff==0.4.7","safetensors==0.4.3","scipy==1.13.0","seaborn==0.13.2","semantic-version==2.10.0","sentry-sdk==2.4.0","setuptools==69.5.1","shellingham==1.5.4","simplejson==3.19.2","six==1.16.0","smmap==5.0.1","sniffio==1.3.1","starlette==0.37.2","sympy==1.12.1","thop==0.1.1.post2209072238","tomlkit==0.12.0","toolz==0.12.1","torch==2.0.1","torchaudio==2.0.2+cu118","torchvision==0.15.2","tqdm==4.66.4","typer==0.12.3","typing-extensions==4.11.0","tzdata==2024.1","ujson==5.10.0","ultralytics==8.2.28","ultralytics-thop==0.2.7","urllib3==2.2.1","uvicorn==0.30.1","watchfiles==0.22.0","websockets==11.0.3","wheel==0.43.0","win-inet-pton==1.1.0","wrapt==1.16.0","wurlitzer==3.1.0","zipp==3.19.1"],"message_id":1},"type":"installed_packages"}
{"payload":{"command":["train.py"],"env":null,"hostname":"DESKTOP-LGRUN56","ip":"100.80.107.164","machine":"AMD64","message_id":2,"os":"Windows-10-10.0.22631-SP0","os_release":"10","os_type":"Windows","pid":3908,"processor":"Intel64 Family 6 Model 165 Stepping 2, GenuineIntel","python_exe":"D:\\Program-IDE\\Anaconda\\envs\\yolov10\\python.exe","python_version":"3.9.19","python_version_verbose":"3.9.19 (main, May  6 2024, 20:12:36) [MSC v.1916 64 bit (AMD64)]","user":"IcyCa"},"type":"system_details"}
{"payload":{"gpu_static_info":[{"gpu_index":0,"name":"NVIDIA GeForce RTX 3050 Ti Laptop GPU","power_limit":80000,"total_memory":4294967296,"uuid":"GPU-eb51bab8-920f-5ec6-0cac-5c77cb8c5a81"}],"message_id":3},"type":"gpu_static_info"}
{"payload":{"local_timestamp":1717565600240,"message_id":4,"metric":{"epoch":null,"metricName":"sys.gpu.0.total_memory","metricValue":4294967296,"step":null}},"type":"metric_msg"}
{"payload":{"key":"offline_experiment","message_id":5,"value":true},"type":"log_other"}
{"payload":{"key":"Name","message_id":6,"value":"exp"},"type":"log_other"}
{"payload":{"local_timestamp":1717565600246,"message_id":7,"output":"Traceback (most recent call last):\n","stderr":true},"type":"standard_output"}
{"payload":{"local_timestamp":1717565600247,"message_id":8,"output":"  File \"E:\\University\\cv_task_yolov5\\yolov5\\train.py\", line 848, in <module>\n","stderr":true},"type":"standard_output"}
{"payload":{"local_timestamp":1717565600247,"message_id":9,"output":"    ","stderr":true},"type":"standard_output"}
{"payload":{"local_timestamp":1717565600247,"message_id":10,"output":"main(opt)","stderr":true},"type":"standard_output"}
{"payload":{"local_timestamp":1717565600248,"message_id":11,"output":"\n","stderr":true},"type":"standard_output"}
{"payload":{"local_timestamp":1717565600248,"message_id":12,"output":"  File \"E:\\University\\cv_task_yolov5\\yolov5\\train.py\", line 623, in main\n","stderr":true},"type":"standard_output"}
{"payload":{"local_timestamp":1717565600248,"message_id":13,"output":"    ","stderr":true},"type":"standard_output"}
{"payload":{"local_timestamp":1717565600248,"message_id":14,"output":"train(opt.hyp, opt, device, callbacks)","stderr":true},"type":"standard_output"}
{"payload":{"local_timestamp":1717565600249,"message_id":15,"output":"\n","stderr":true},"type":"standard_output"}
{"payload":{"local_timestamp":1717565600249,"message_id":16,"output":"  File \"E:\\University\\cv_task_yolov5\\yolov5\\train.py\", line 153, in train\n","stderr":true},"type":"standard_output"}
{"payload":{"local_timestamp":1717565600250,"message_id":17,"output":"    ","stderr":true},"type":"standard_output"}
{"payload":{"local_timestamp":1717565600250,"message_id":18,"output":"loggers = Loggers(","stderr":true},"type":"standard_output"}
{"payload":{"local_timestamp":1717565600250,"message_id":19,"output":"\n","stderr":true},"type":"standard_output"}
{"payload":{"local_timestamp":1717565600250,"message_id":20,"output":"  File \"E:\\University\\cv_task_yolov5\\yolov5\\utils\\loggers\\__init__.py\", line 148, in __init__\n","stderr":true},"type":"standard_output"}
{"payload":{"local_timestamp":1717565600251,"message_id":21,"output":"    ","stderr":true},"type":"standard_output"}
{"payload":{"local_timestamp":1717565600251,"message_id":22,"output":"self.comet_logger = CometLogger(self.opt, self.hyp)","stderr":true},"type":"standard_output"}
{"payload":{"local_timestamp":1717565600251,"message_id":23,"output":"\n","stderr":true},"type":"standard_output"}
{"payload":{"local_timestamp":1717565600251,"message_id":24,"output":"  File \"E:\\University\\cv_task_yolov5\\yolov5\\utils\\loggers\\comet\\__init__.py\", line 97, in __init__\n","stderr":true},"type":"standard_output"}
{"payload":{"local_timestamp":1717565600251,"message_id":25,"output":"    ","stderr":true},"type":"standard_output"}
{"payload":{"local_timestamp":1717565600251,"message_id":26,"output":"self.data_dict = self.check_dataset(self.opt.data)","stderr":true},"type":"standard_output"}
{"payload":{"local_timestamp":1717565600252,"message_id":27,"output":"\n","stderr":true},"type":"standard_output"}
{"payload":{"local_timestamp":1717565600252,"message_id":28,"output":"  File \"E:\\University\\cv_task_yolov5\\yolov5\\utils\\loggers\\comet\\__init__.py\", line 247, in check_dataset\n","stderr":true},"type":"standard_output"}
{"payload":{"local_timestamp":1717565600253,"message_id":29,"output":"    ","stderr":true},"type":"standard_output"}
{"payload":{"local_timestamp":1717565600253,"message_id":30,"output":"data_config = yaml.safe_load(f)","stderr":true},"type":"standard_output"}
{"payload":{"local_timestamp":1717565600253,"message_id":31,"output":"\n","stderr":true},"type":"standard_output"}
{"payload":{"local_timestamp":1717565600253,"message_id":32,"output":"  File \"D:\\Program-IDE\\Anaconda\\envs\\yolov10\\lib\\site-packages\\yaml\\__init__.py\", line 125, in safe_load\n","stderr":true},"type":"standard_output"}
{"payload":{"local_timestamp":1717565600255,"message_id":33,"metric":{"epoch":null,"metricName":"sys.gpu.0.gpu_utilization","metricValue":0,"step":null}},"type":"metric_msg"}
{"payload":{"local_timestamp":1717565600255,"message_id":34,"metric":{"epoch":null,"metricName":"sys.gpu.0.power_usage","metricValue":14514,"step":null}},"type":"metric_msg"}
{"payload":{"local_timestamp":1717565600255,"message_id":35,"metric":{"epoch":null,"metricName":"sys.gpu.0.temperature","metricValue":53,"step":null}},"type":"metric_msg"}
{"payload":{"local_timestamp":1717565600255,"message_id":36,"metric":{"epoch":null,"metricName":"sys.gpu.0.memory_utilization","metricValue":0,"step":null}},"type":"metric_msg"}
{"payload":{"local_timestamp":1717565600255,"message_id":37,"metric":{"epoch":null,"metricName":"sys.gpu.0.free_memory","metricValue":4169138176,"step":null}},"type":"metric_msg"}
{"payload":{"local_timestamp":1717565600255,"message_id":38,"metric":{"epoch":null,"metricName":"sys.gpu.0.used_memory","metricValue":125829120,"step":null}},"type":"metric_msg"}
{"payload":{"local_timestamp":1717565600255,"message_id":39,"metric":{"epoch":null,"metricName":"sys.gpu.0.percent.used_memory","metricValue":2.9296875,"step":null}},"type":"metric_msg"}
{"payload":{"local_timestamp":1717565600273,"message_id":40,"output":"    ","stderr":true},"type":"standard_output"}
{"payload":{"local_timestamp":1717565600273,"message_id":41,"output":"return load(stream, SafeLoader)","stderr":true},"type":"standard_output"}
{"payload":{"local_timestamp":1717565600274,"message_id":42,"output":"\n","stderr":true},"type":"standard_output"}
{"payload":{"local_timestamp":1717565600274,"message_id":43,"output":"  File \"D:\\Program-IDE\\Anaconda\\envs\\yolov10\\lib\\site-packages\\yaml\\__init__.py\", line 79, in load\n","stderr":true},"type":"standard_output"}
{"payload":{"local_timestamp":1717565600274,"message_id":44,"output":"    ","stderr":true},"type":"standard_output"}
{"payload":{"local_timestamp":1717565600274,"message_id":45,"output":"loader = Loader(stream)","stderr":true},"type":"standard_output"}
{"payload":{"local_timestamp":1717565600274,"message_id":46,"output":"\n","stderr":true},"type":"standard_output"}
{"payload":{"local_timestamp":1717565600275,"message_id":47,"output":"  File \"D:\\Program-IDE\\Anaconda\\envs\\yolov10\\lib\\site-packages\\yaml\\loader.py\", line 34, in __init__\n","stderr":true},"type":"standard_output"}
{"payload":{"local_timestamp":1717565600287,"message_id":48,"output":"    ","stderr":true},"type":"standard_output"}
{"payload":{"local_timestamp":1717565600287,"message_id":49,"output":"Reader.__init__(self, stream)","stderr":true},"type":"standard_output"}
{"payload":{"local_timestamp":1717565600288,"message_id":50,"output":"\n","stderr":true},"type":"standard_output"}
{"payload":{"local_timestamp":1717565600288,"message_id":51,"output":"  File \"D:\\Program-IDE\\Anaconda\\envs\\yolov10\\lib\\site-packages\\yaml\\reader.py\", line 85, in __init__\n","stderr":true},"type":"standard_output"}
{"payload":{"local_timestamp":1717565600305,"message_id":52,"output":"    ","stderr":true},"type":"standard_output"}
{"payload":{"local_timestamp":1717565600305,"message_id":53,"output":"self.determine_encoding()","stderr":true},"type":"standard_output"}
{"payload":{"local_timestamp":1717565600305,"message_id":54,"output":"\n","stderr":true},"type":"standard_output"}
{"payload":{"local_timestamp":1717565600305,"message_id":55,"output":"  File \"D:\\Program-IDE\\Anaconda\\envs\\yolov10\\lib\\site-packages\\yaml\\reader.py\", line 124, in determine_encoding\n","stderr":true},"type":"standard_output"}
{"payload":{"local_timestamp":1717565600306,"message_id":56,"output":"    ","stderr":true},"type":"standard_output"}
{"payload":{"local_timestamp":1717565600306,"message_id":57,"output":"self.update_raw()","stderr":true},"type":"standard_output"}
{"payload":{"local_timestamp":1717565600306,"message_id":58,"output":"\n","stderr":true},"type":"standard_output"}
{"payload":{"local_timestamp":1717565600307,"message_id":59,"output":"  File \"D:\\Program-IDE\\Anaconda\\envs\\yolov10\\lib\\site-packages\\yaml\\reader.py\", line 178, in update_raw\n","stderr":true},"type":"standard_output"}
{"payload":{"local_timestamp":1717565600307,"message_id":60,"output":"    ","stderr":true},"type":"standard_output"}
{"payload":{"local_timestamp":1717565600307,"message_id":61,"output":"data = self.stream.read(size)","stderr":true},"type":"standard_output"}
{"payload":{"local_timestamp":1717565600307,"message_id":62,"output":"\n","stderr":true},"type":"standard_output"}
{"payload":{"local_timestamp":1717565600307,"message_id":63,"output":"UnicodeDecodeError","stderr":true},"type":"standard_output"}
{"payload":{"local_timestamp":1717565600307,"message_id":64,"output":": ","stderr":true},"type":"standard_output"}
{"payload":{"local_timestamp":1717565600307,"message_id":65,"output":"'gbk' codec can't decode byte 0x80 in position 271: illegal multibyte sequence","stderr":true},"type":"standard_output"}
{"payload":{"local_timestamp":1717565600307,"message_id":66,"output":"\n","stderr":true},"type":"standard_output"}
{"payload":{"local_timestamp":1717565600660,"message_id":67,"metric":{"epoch":null,"metricName":"sys.cpu.percent.avg","metricValue":0.0,"step":null}},"type":"metric_msg"}
{"payload":{"local_timestamp":1717565600660,"message_id":68,"metric":{"epoch":null,"metricName":"sys.ram.total","metricValue":16943685632,"step":null}},"type":"metric_msg"}
{"payload":{"local_timestamp":1717565600660,"message_id":69,"metric":{"epoch":null,"metricName":"sys.ram.used","metricValue":11478802432,"step":null}},"type":"metric_msg"}
{"payload":{"local_timestamp":1717565600660,"message_id":70,"metric":{"epoch":null,"metricName":"sys.ram.available","metricValue":5464883200,"step":null}},"type":"metric_msg"}
{"payload":{"local_timestamp":1717565600660,"message_id":71,"metric":{"epoch":null,"metricName":"sys.ram.percent.used","metricValue":67.7,"step":null}},"type":"metric_msg"}
{"payload":{"local_timestamp":1717565600661,"message_id":72,"metric":{"epoch":null,"metricName":"sys.load.avg","metricValue":0.0,"step":null}},"type":"metric_msg"}
{"payload":{"local_timestamp":1717565600711,"message_id":73,"output":"\u001b[1;38;5;39mCOMET INFO:\u001b[0m Couldn't find a Git repository in 'E:\\\\University\\\\cv_task_yolov5\\\\yolov5' nor in any parent directory. Set `COMET_GIT_DIRECTORY` if your Git Repository is elsewhere.\n","stderr":true},"type":"standard_output"}
{"payload":{"additional_params":{"assetId":"2e8a835891eb412f9b434f819c440eaa","context":null,"epoch":null,"extension":"yml","fileName":"conda-environment.yml","overwrite":false,"runId":null,"step":null,"type":"conda-environment-definition"},"clean":true,"file_path":"tmpktczilm6","local_timestamp":1717565607236,"message_id":74,"metadata":{},"upload_type":"conda-environment-definition"},"type":"file_upload"}
{"payload":{"additional_params":{"assetId":"553ec8651e824c4089a3517583563b99","context":null,"epoch":null,"extension":"txt","fileName":"conda-spec.txt","overwrite":false,"runId":null,"step":null,"type":"conda-specification"},"clean":true,"file_path":"tmpa03fovgp","local_timestamp":1717565609221,"message_id":75,"metadata":{},"upload_type":"conda-specification"},"type":"file_upload"}
{"payload":{"additional_params":{"assetId":"90058305eb1e4793b353efe1b1e0a4f3","context":null,"epoch":null,"extension":"yml","fileName":"conda-info.yml","overwrite":false,"runId":null,"step":null,"type":"conda-info"},"clean":true,"file_path":"tmp215fjqn2","local_timestamp":1717565612623,"message_id":76,"metadata":{},"upload_type":"conda-info"},"type":"file_upload"}
{"payload":{"local_timestamp":1717565612624,"message_id":77,"output":"\u001b[1;38;5;39mCOMET INFO:\u001b[0m ---------------------------------------------------------------------------------------\n","stderr":true},"type":"standard_output"}
{"payload":{"local_timestamp":1717565612624,"message_id":78,"output":"\u001b[1;38;5;39mCOMET INFO:\u001b[0m Comet.ml OfflineExperiment Summary\n","stderr":true},"type":"standard_output"}
{"payload":{"local_timestamp":1717565612624,"message_id":79,"output":"\u001b[1;38;5;39mCOMET INFO:\u001b[0m ---------------------------------------------------------------------------------------\n","stderr":true},"type":"standard_output"}
{"payload":{"local_timestamp":1717565612625,"message_id":80,"output":"\u001b[1;38;5;39mCOMET INFO:\u001b[0m   Data:\n","stderr":true},"type":"standard_output"}
{"payload":{"local_timestamp":1717565612625,"message_id":81,"output":"\u001b[1;38;5;39mCOMET INFO:\u001b[0m     display_summary_level : 1\n","stderr":true},"type":"standard_output"}
{"payload":{"local_timestamp":1717565612625,"message_id":82,"output":"\u001b[1;38;5;39mCOMET INFO:\u001b[0m     name                  : exp\n","stderr":true},"type":"standard_output"}
{"payload":{"local_timestamp":1717565612625,"message_id":83,"output":"\u001b[1;38;5;39mCOMET INFO:\u001b[0m     url                   : [OfflineExperiment will get URL after upload]\n","stderr":true},"type":"standard_output"}
{"payload":{"local_timestamp":1717565612625,"message_id":84,"output":"\u001b[1;38;5;39mCOMET INFO:\u001b[0m   Others:\n","stderr":true},"type":"standard_output"}
{"payload":{"local_timestamp":1717565612626,"message_id":85,"output":"\u001b[1;38;5;39mCOMET INFO:\u001b[0m     Name               : exp\n","stderr":true},"type":"standard_output"}
{"payload":{"local_timestamp":1717565612626,"message_id":86,"output":"\u001b[1;38;5;39mCOMET INFO:\u001b[0m     offline_experiment : True\n","stderr":true},"type":"standard_output"}
{"payload":{"local_timestamp":1717565612626,"message_id":87,"output":"\u001b[1;38;5;39mCOMET INFO:\u001b[0m   Uploads:\n","stderr":true},"type":"standard_output"}
{"payload":{"local_timestamp":1717565612626,"message_id":88,"output":"\u001b[1;38;5;39mCOMET INFO:\u001b[0m     conda-environment-definition : 1\n","stderr":true},"type":"standard_output"}
{"payload":{"local_timestamp":1717565612627,"message_id":89,"output":"\u001b[1;38;5;39mCOMET INFO:\u001b[0m     conda-info                   : 1\n","stderr":true},"type":"standard_output"}
{"payload":{"local_timestamp":1717565612627,"message_id":90,"output":"\u001b[1;38;5;39mCOMET INFO:\u001b[0m     conda-specification          : 1\n","stderr":true},"type":"standard_output"}
{"payload":{"local_timestamp":1717565612627,"message_id":91,"output":"\u001b[1;38;5;39mCOMET INFO:\u001b[0m     environment details          : 1\n","stderr":true},"type":"standard_output"}
{"payload":{"local_timestamp":1717565612627,"message_id":92,"output":"\u001b[1;38;5;39mCOMET INFO:\u001b[0m     installed packages           : 1\n","stderr":true},"type":"standard_output"}
{"payload":{"local_timestamp":1717565612628,"message_id":93,"output":"\u001b[1;38;5;39mCOMET INFO:\u001b[0m \n","stderr":true},"type":"standard_output"}
